City_ID,City,Country,Date,Lat,Lng,Max Temp,Humidity,Cloudiness,Wind Speed
0,Moron,AR,2022-07-20 17:49:48,-34.6534,-58.6198,67.8,64,1,7.54
1,Mugur-Aksy,RU,2022-07-20 17:49:49,50.35,90.5,46.13,71,55,3.47
2,Chuy,UY,2022-07-20 17:49:50,-33.6971,-53.4616,60.75,79,0,10.33
3,Dingle,PH,2022-07-20 17:49:52,10.9995,122.6711,77.29,88,74,2.17
4,Georgetown,MY,2022-07-20 17:47:19,5.4112,100.3354,81.9,89,20,1.14
5,Vostok,RU,2022-07-20 17:49:53,46.4856,135.8833,58.82,98,87,2.66
6,Ribeira Grande,PT,2022-07-20 17:49:53,38.5167,-28.7,75.6,83,20,8.05
7,Souillac,MU,2022-07-20 17:49:54,-20.5167,57.5167,70.18,68,40,21.85
8,Punta Arenas,CL,2022-07-20 17:49:55,-53.15,-70.9167,35.62,80,75,25.32
9,Ihosy,MG,2022-07-20 17:49:56,-22.4,46.1167,57.74,93,11,7.31
10,Rikitea,PF,2022-07-20 17:49:56,-23.1203,-134.9692,72.95,75,2,0.83
11,Cidreira,BR,2022-07-20 17:49:57,-30.1811,-50.2056,64.0,80,0,15.14
12,Meiganga,CM,2022-07-20 17:49:57,6.5167,14.3,66.36,96,100,1.41
13,Nikolskoye,RU,2022-07-20 17:49:58,59.7035,30.7861,73.87,57,96,11.52
14,Clyde River,CA,2022-07-20 17:49:58,70.4692,-68.5914,39.43,93,100,9.22
15,Busselton,AU,2022-07-20 17:50:01,-33.65,115.3333,60.93,92,100,17.58
16,Ardakan,IR,2022-07-20 17:50:01,32.31,54.0175,91.02,10,0,7.83
17,Puerto Ayora,EC,2022-07-20 17:50:02,-0.7393,-90.3518,76.96,94,87,8.01
18,Bluff,NZ,2022-07-20 17:50:02,-46.6,168.3333,38.8,63,92,8.41
19,Bambous Virieux,MU,2022-07-20 17:50:03,-20.3428,57.7575,71.22,68,40,21.85
20,Birao,CF,2022-07-20 17:50:05,10.2849,22.7882,76.78,76,74,4.12
21,Usak,TR,2022-07-20 17:50:05,38.5,29.4167,71.96,39,0,13.94
22,Atuona,PF,2022-07-20 17:50:06,-9.8,-139.0333,77.65,74,43,15.41
23,Morristown,US,2022-07-20 17:50:07,36.214,-83.2949,88.5,72,40,10.36
24,Khatanga,RU,2022-07-20 17:50:07,71.9667,102.5,47.39,60,100,22.26
25,Labuhan,ID,2022-07-20 17:50:08,-6.8844,112.2051,74.98,83,67,9.73
26,Vao,NC,2022-07-20 17:50:08,-22.6667,167.4833,74.03,87,100,7.7
27,Ushuaia,AR,2022-07-20 17:45:35,-54.8,-68.3,33.46,93,100,24.16
28,Sao Jose Da Coroa Grande,BR,2022-07-20 17:50:09,-8.8978,-35.1478,77.85,80,40,10.85
29,Kimbe,PG,2022-07-20 17:50:10,-5.5502,150.1429,75.9,91,97,3.13
30,Eyl,SO,2022-07-20 17:50:10,7.9803,49.8164,77.18,68,81,16.69
31,Saldanha,ZA,2022-07-20 17:50:11,-33.0117,17.9442,50.05,61,0,13.67
32,Carlyle,US,2022-07-20 17:50:12,38.6103,-89.3726,96.13,55,0,3.0
33,Ambilobe,MG,2022-07-20 17:50:14,-13.2,49.05,70.41,64,23,10.85
34,Inskoy,RU,2022-07-20 17:50:15,54.4297,86.44,56.43,84,86,5.53
35,Port Alfred,ZA,2022-07-20 17:50:15,-33.5906,26.891,56.17,96,98,1.99
36,Socorro,US,2022-07-20 17:50:15,31.6546,-106.3033,98.46,27,75,4.61
37,Alofi,NU,2022-07-20 17:50:16,-19.0595,-169.9187,71.49,83,36,8.05
38,Maniitsoq,GL,2022-07-20 17:50:17,65.4167,-52.9,45.27,93,100,10.45
39,Jumla,NP,2022-07-20 17:50:18,29.2747,82.1838,64.54,96,100,2.39
40,Sisimiut,GL,2022-07-20 17:50:19,66.9395,-53.6735,48.63,77,100,2.71
41,Iqaluit,CA,2022-07-20 17:50:19,63.7506,-68.5145,51.53,76,75,8.05
42,Bonthe,SL,2022-07-20 17:50:20,7.5264,-12.505,75.13,87,100,10.45
43,Kaitangata,NZ,2022-07-20 17:50:20,-46.2817,169.8464,41.49,79,91,5.95
44,Buin,CL,2022-07-20 17:51:21,-33.7333,-70.75,72.43,37,1,3.65
45,Kodiak,US,2022-07-20 17:51:22,57.79,-152.4072,54.91,76,100,3.44
46,Cape Town,ZA,2022-07-20 17:48:38,-33.9258,18.4232,53.28,65,0,5.75
47,Pevek,RU,2022-07-20 17:51:22,69.7008,170.3133,31.41,94,98,13.69
48,Severo-Kurilsk,RU,2022-07-20 17:51:23,50.6789,156.125,50.77,98,97,13.56
49,Albany,US,2022-07-20 17:51:23,42.6001,-73.9662,94.03,47,8,1.01
50,Tigre,AR,2022-07-20 17:51:24,-34.426,-58.5796,68.05,56,0,8.05
51,Esperance,AU,2022-07-20 17:51:24,-33.8667,121.9,60.62,54,100,19.06
52,Rosetta,EG,2022-07-20 17:51:25,31.4044,30.4164,78.35,69,0,16.24
53,Vaini,TO,2022-07-20 17:51:25,-21.2,-175.2,73.56,88,75,8.05
54,Saskylakh,RU,2022-07-20 17:51:25,71.9167,114.0833,36.95,90,74,13.6
55,Los Llanos De Aridane,ES,2022-07-20 17:51:26,28.6585,-17.9182,73.15,73,20,17.27
56,Emerald,AU,2022-07-20 17:51:26,-23.5333,148.1667,56.34,88,73,14.09
57,Airai,TL,2022-07-20 17:51:27,-8.9266,125.4092,57.4,95,73,3.02
58,Vestmannaeyjar,IS,2022-07-20 17:51:27,63.4427,-20.2734,59.99,72,0,16.11
59,Fez,MA,2022-07-20 17:47:44,34.0372,-4.9998,104.25,13,40,13.8
60,Broken Hill,AU,2022-07-20 17:51:28,-31.95,141.4333,46.45,73,64,10.13
61,La Paz,BO,2022-07-20 17:51:20,-16.5,-68.15,62.58,13,75,4.61
62,Marienburg,PL,2022-07-20 17:51:29,54.0359,19.0266,79.57,54,0,7.11
63,Longyearbyen,SJ,2022-07-20 17:50:11,78.2186,15.6401,49.84,87,75,6.91
64,Hobart,AU,2022-07-20 17:51:29,-42.8794,147.3294,35.06,93,1,6.91
65,Sitka,US,2022-07-20 17:51:30,57.0531,-135.33,53.49,82,100,5.75
66,Hilo,US,2022-07-20 17:51:30,19.7297,-155.09,77.29,96,27,1.99
67,Vardo,NO,2022-07-20 17:51:31,70.3705,31.1107,53.58,94,75,2.3
68,Yeniseysk,RU,2022-07-20 17:51:31,58.4497,92.1703,53.69,98,94,4.23
69,Cabo San Lucas,MX,2022-07-20 17:51:31,22.8909,-109.9124,95.61,53,53,1.01
70,Broome,US,2022-07-20 17:51:32,42.2506,-75.833,93.54,53,4,4.0
71,Hermanus,ZA,2022-07-20 17:49:29,-34.4187,19.2345,47.8,69,2,3.47
72,Victoria,HK,2022-07-20 17:48:31,22.2855,114.1577,87.33,85,12,8.01
73,New Norfolk,AU,2022-07-20 17:51:33,-42.7826,147.0587,34.72,88,2,2.57
74,Ust-Kut,RU,2022-07-20 17:51:34,56.7938,105.7672,53.17,95,19,3.0
75,Kavieng,PG,2022-07-20 17:51:34,-2.5744,150.7967,81.68,78,100,12.15
76,Mayskiy,RU,2022-07-20 17:51:34,47.6931,40.1025,72.81,38,45,8.72
77,Tautira,PF,2022-07-20 17:51:35,-17.7333,-149.15,76.3,74,0,12.91
78,Dakoro,NE,2022-07-20 17:51:35,14.5106,6.765,93.4,33,56,4.92
79,Ranong,TH,2022-07-20 17:51:36,9.9658,98.6348,74.16,92,100,7.65
80,Pangai,TO,2022-07-20 17:51:36,-19.8,-174.35,75.31,100,40,17.27
81,Mar Del Plata,AR,2022-07-20 17:49:57,-38.0023,-57.5575,63.95,61,0,17.27
82,Klyuchi,RU,2022-07-20 17:51:37,52.2667,79.1667,69.53,51,100,3.36
83,Chapais,CA,2022-07-20 17:51:37,49.7834,-74.8492,71.38,36,97,3.89
84,Yellowknife,CA,2022-07-20 17:49:49,62.456,-114.3525,61.32,63,75,16.11
85,Rio Grande,BR,2022-07-20 17:51:38,-32.035,-52.0986,68.11,83,2,11.79
86,Faanui,PF,2022-07-20 17:51:39,-16.4833,-151.75,77.5,65,0,9.46
87,Ingersoll,CA,2022-07-20 17:51:40,43.0334,-80.883,85.06,86,47,23.02
88,Hithadhoo,MV,2022-07-20 17:51:40,-0.6,73.0833,81.27,68,100,1.81
89,Bredasdorp,ZA,2022-07-20 17:51:40,-34.5322,20.0403,48.43,82,58,3.62
90,Alzamay,RU,2022-07-20 17:51:41,55.5562,98.6644,53.67,84,68,2.64
91,Abakaliki,NG,2022-07-20 17:47:49,6.3163,8.1169,75.99,85,99,6.89
92,Saint George,US,2022-07-20 17:52:45,37.1041,-113.5841,102.79,22,0,3.0
93,Provideniya,RU,2022-07-20 17:48:11,64.3833,-173.3,41.41,79,98,14.72
94,Mogadishu,SO,2022-07-20 17:49:22,2.0371,45.3438,75.79,81,50,16.96
95,San Carlos De Bariloche,AR,2022-07-20 17:49:14,-41.1456,-71.3082,39.24,77,100,7.11
96,Salta,AR,2022-07-20 17:52:47,-24.7859,-65.4117,69.58,37,75,3.44
97,Omsukchan,RU,2022-07-20 17:52:47,62.5333,155.8,47.84,48,72,4.97
98,Mataura,NZ,2022-07-20 17:52:48,-46.1927,168.8643,38.48,93,47,1.57
99,Ereymentau,KZ,2022-07-20 17:52:48,51.6199,73.1033,67.6,75,66,5.26
100,Kapaa,US,2022-07-20 17:49:28,22.0752,-159.319,75.52,87,75,9.22
101,Kirakira,SB,2022-07-20 17:52:49,-10.4544,161.9205,78.85,85,33,6.6
102,Grand Gaube,MU,2022-07-20 17:52:49,-20.0064,57.6608,71.38,54,93,8.01
103,Bilma,NE,2022-07-20 17:52:50,18.6853,12.9164,99.59,13,39,4.7
104,Sao Miguel Do Araguaia,BR,2022-07-20 17:52:50,-13.275,-50.1628,93.11,20,14,4.85
105,Sao Filipe,CV,2022-07-20 17:52:51,14.8961,-24.4956,76.73,87,88,2.8
106,Tabuk,PH,2022-07-20 17:52:51,17.4189,121.4443,75.87,89,7,1.95
107,Adrar,MR,2022-07-20 17:52:52,20.5022,-10.0711,105.94,11,15,11.41
108,Khorinsk,RU,2022-07-20 17:52:53,52.1657,109.7726,51.76,92,21,3.42
109,Bengkulu,ID,2022-07-20 17:52:53,-3.8004,102.2655,76.68,89,83,3.27
110,Lompoc,US,2022-07-20 17:52:53,34.6391,-120.4579,83.7,82,20,6.91
111,Port Blair,IN,2022-07-20 17:52:54,11.6667,92.75,78.35,84,100,14.03
112,Tual,ID,2022-07-20 17:52:54,-5.6667,132.75,78.89,77,86,17.67
113,Pangnirtung,CA,2022-07-20 17:52:55,66.1451,-65.7125,48.2,87,100,2.3
114,Berea,US,2022-07-20 17:52:55,41.3662,-81.8543,89.11,64,34,4.0
115,Castro,BR,2022-07-20 17:52:55,-24.7911,-50.0119,69.58,66,63,4.25
116,Necochea,AR,2022-07-20 17:52:56,-38.5473,-58.7368,63.34,50,1,20.49
117,Hokitika,NZ,2022-07-20 17:52:56,-42.7167,170.9667,45.54,78,100,3.53
118,Paraiso,CR,2022-07-20 17:52:57,9.8383,-83.8656,76.06,91,95,3.6
119,Tura,IN,2022-07-20 17:52:57,25.5198,90.2201,75.15,96,100,5.88
120,Mehamn,NO,2022-07-20 17:52:57,71.0357,27.8492,55.35,94,20,3.44
121,Hamilton,US,2022-07-20 17:52:58,39.1834,-84.5333,91.94,69,40,12.66
122,Thompson,CA,2022-07-20 17:52:59,55.7435,-97.8558,62.76,82,75,6.91
123,Cabadiangan,PH,2022-07-20 17:52:59,9.7531,122.4739,78.15,86,72,1.7
124,Te Anau,NZ,2022-07-20 17:53:00,-45.4167,167.7167,39.27,95,98,3.42
125,Nerchinskiy Zavod,RU,2022-07-20 17:53:00,51.3088,119.61,61.12,83,0,1.45
126,Touros,BR,2022-07-20 17:53:00,-5.1989,-35.4608,80.46,64,37,15.88
127,Hambantota,LK,2022-07-20 17:53:01,6.1241,81.1185,79.12,84,90,19.28
128,Valladolid,ES,2022-07-20 17:48:53,41.5833,-4.6667,91.83,23,0,6.15
129,Ahipara,NZ,2022-07-20 17:53:02,-35.1667,173.1667,54.54,72,36,17.34
130,Glace Bay,CA,2022-07-20 17:53:03,46.1969,-59.957,72.05,72,75,21.85
131,Ishigaki,JP,2022-07-20 17:53:03,24.3448,124.1572,82.53,94,75,10.36
132,Tiksi,RU,2022-07-20 17:53:04,71.6872,128.8694,36.03,95,96,12.53
133,Saint-Philippe,RE,2022-07-20 17:53:04,-21.3585,55.7679,71.19,72,36,14.67
134,Barrow,US,2022-07-20 17:52:18,71.2906,-156.7887,46.42,81,0,8.05
135,Wamba,NG,2022-07-20 17:53:06,8.9333,8.6,72.34,95,98,1.61
136,Victoria Point,AU,2022-07-20 17:53:07,-27.5833,153.3,61.11,86,100,5.99
137,Ilulissat,GL,2022-07-20 17:54:07,69.2167,-51.1,48.6,57,100,6.46
138,Arraial Do Cabo,BR,2022-07-20 17:54:08,-22.9661,-42.0278,75.16,78,75,12.66
139,Okha,RU,2022-07-20 17:54:08,53.5739,142.9478,54.9,96,95,8.61
140,Krasnyy Chikoy,RU,2022-07-20 17:54:09,50.3643,108.7512,53.2,90,77,2.71
141,Mongu,ZM,2022-07-20 17:54:10,-15.2484,23.1274,63.97,33,3,5.59
142,Nadvoitsy,RU,2022-07-20 17:54:10,63.8667,34.3167,65.32,66,0,12.86
143,Talaya,RU,2022-07-20 17:54:11,61.3833,152.75,56.48,80,77,6.55
144,High Prairie,CA,2022-07-20 17:54:11,55.4334,-116.4858,70.0,38,19,10.4
145,Constitucion,CL,2022-07-20 17:54:11,-35.3333,-72.4167,58.89,69,9,5.06
146,Mahon,ES,2022-07-20 17:49:27,39.8885,4.2658,86.56,58,0,10.36
147,Geraldton,AU,2022-07-20 17:54:12,-28.7667,114.6,66.61,88,75,9.22
148,Safaga,EG,2022-07-20 17:52:17,26.7292,33.9365,90.55,44,0,6.96
149,Lyuban,BY,2022-07-20 17:54:14,52.7985,28.0048,59.97,72,3,7.54
150,San Patricio,US,2022-07-20 17:54:14,28.017,-97.5169,93.54,42,1,18.75
151,Sovetskiy,RU,2022-07-20 17:49:15,61.3614,63.5842,62.64,77,99,5.79
152,Lukovetskiy,RU,2022-07-20 17:54:15,64.2956,41.9211,67.26,72,57,4.56
153,Yeppoon,AU,2022-07-20 17:54:15,-23.1333,150.7333,60.58,87,100,16.2
154,Coolum Beach,AU,2022-07-20 17:54:16,-26.5333,153.1,62.11,83,95,17.69
155,Sabang,ID,2022-07-20 17:54:16,5.8933,95.3214,82.98,75,100,21.09
156,Galveston,US,2022-07-20 17:54:16,29.3669,-94.9669,100.02,67,40,13.8
157,Shizunai,JP,2022-07-20 17:54:17,42.3339,142.3669,64.92,98,99,1.95
158,Miramar,US,2022-07-20 17:54:17,25.9873,-80.2323,94.01,62,1,5.01
159,Dunedin,NZ,2022-07-20 17:54:18,-45.8742,170.5036,43.81,89,95,11.99
160,Macusani,PE,2022-07-20 17:54:18,-14.0833,-70.4333,49.82,21,84,10.94
161,Umm Lajj,SA,2022-07-20 17:54:19,25.0213,37.2685,89.49,53,1,6.82
162,Ponta Do Sol,PT,2022-07-20 17:54:11,32.6667,-17.1,77.72,76,0,3.91
163,Maceio,BR,2022-07-20 17:54:03,-9.6658,-35.7353,78.24,83,75,12.66
164,Svetlyy,RU,2022-07-20 17:54:20,54.675,20.1347,71.65,69,29,3.74
165,Coihueco,CL,2022-07-20 17:54:20,-36.6167,-71.8333,45.34,100,100,0.0
166,Vila Franca Do Campo,PT,2022-07-20 17:54:21,37.7167,-25.4333,72.01,71,48,2.46
167,Shingu,JP,2022-07-20 17:54:21,33.7333,135.9833,74.77,72,98,5.28
168,Port-Gentil,GA,2022-07-20 17:54:22,-0.7193,8.7815,76.96,83,75,9.22
169,Harper,LR,2022-07-20 17:54:22,4.375,-7.7169,76.23,71,89,7.78
170,Jamestown,US,2022-07-20 17:54:22,42.097,-79.2353,87.94,55,40,11.5
171,Hanzhong,CN,2022-07-20 17:54:23,33.0728,107.0303,70.65,87,6,1.68
172,Virden,US,2022-07-20 17:54:23,39.5009,-89.7679,90.05,63,0,13.2
173,Umm Kaddadah,SD,2022-07-20 17:54:24,13.6017,26.6876,87.93,42,42,4.03
174,Torbay,CA,2022-07-20 17:54:24,47.6666,-52.7314,71.28,77,42,19.48
175,Kavaratti,IN,2022-07-20 17:54:24,10.5669,72.642,80.96,81,100,20.29
176,Carnarvon,AU,2022-07-20 17:53:37,-24.8667,113.6333,70.88,76,0,17.16
177,Kyra,RU,2022-07-20 17:54:25,49.5776,111.9753,54.39,94,66,4.27
178,Takoradi,GH,2022-07-20 17:54:26,4.8845,-1.7554,75.4,68,100,8.19
179,Yanam,IN,2022-07-20 17:54:26,16.7333,82.2167,80.87,84,41,4.47
180,Whakatane,NZ,2022-07-20 17:54:27,-37.9585,176.9854,49.77,98,47,7.74
181,Severo-Yeniseyskiy,RU,2022-07-20 17:54:27,60.3725,93.0408,47.84,97,50,4.92
182,Murwillumbah,AU,2022-07-20 17:54:28,-28.3167,153.4,59.02,72,75,17.27
183,Adre,TD,2022-07-20 17:54:28,13.4667,22.2,73.4,80,84,16.6
184,Namibe,AO,2022-07-20 17:55:29,-15.1961,12.1522,62.91,83,8,7.36
185,Ciudad Bolivar,VE,2022-07-20 17:55:29,8.1222,-63.5497,89.33,55,82,1.01
186,Puerto Maldonado,PE,2022-07-20 17:55:30,-12.6,-69.1833,86.4,62,40,3.44
187,Margate,GB,2022-07-20 17:55:30,51.3813,1.3862,77.88,63,48,5.01
188,Bathsheba,BB,2022-07-20 17:55:30,13.2167,-59.5167,86.61,96,40,16.11
189,Klaksvik,FO,2022-07-20 17:55:31,62.2266,-6.589,50.92,94,74,21.7
190,Meybod,IR,2022-07-20 17:55:31,32.2501,54.0166,93.22,10,0,7.45
191,Kassala,SD,2022-07-20 17:51:54,15.451,36.4,73.22,89,100,14.97
192,Mahebourg,MU,2022-07-20 17:55:32,-20.4081,57.7,71.26,68,40,21.85
193,Andenes,NO,2022-07-20 17:55:33,69.3143,16.1194,58.98,82,75,9.22
194,Port Lincoln,AU,2022-07-20 17:55:33,-34.7333,135.8667,50.41,76,23,9.17
195,Warrnambool,AU,2022-07-20 17:55:34,-38.3833,142.4833,42.15,86,0,8.28
196,Andros Town,BS,2022-07-20 17:55:34,24.7,-77.7667,87.76,65,7,13.91
197,Novomykolayivka,UA,2022-07-20 17:55:34,47.9781,35.9102,69.71,46,53,4.43
198,Sapouy,BF,2022-07-20 17:55:35,11.5544,-1.7736,78.17,76,78,3.2
199,Benguela,AO,2022-07-20 17:55:36,-12.5763,13.4055,67.42,85,38,4.14
200,Matay,EG,2022-07-20 17:55:36,28.419,30.7792,90.37,20,0,8.68
201,Hasaki,JP,2022-07-20 17:55:37,35.7333,140.8333,75.6,84,91,6.62
202,Macia,MZ,2022-07-20 17:55:37,-25.0269,33.0989,66.96,79,8,6.42
203,Bilibino,RU,2022-07-20 17:55:37,68.0546,166.4372,42.28,78,76,3.89
204,Manzanillo,CU,2022-07-20 17:55:38,20.3433,-77.1167,88.99,55,98,2.15
205,Douglas,US,2022-07-20 17:55:38,41.3,-96.167,86.61,46,0,12.66
206,Alamosa,US,2022-07-20 17:55:39,37.4695,-105.87,80.56,30,26,3.69
207,Butaritari,KI,2022-07-20 17:55:39,3.0707,172.7902,81.25,78,95,10.49
208,Tasiilaq,GL,2022-07-20 17:55:39,65.6145,-37.6368,40.57,80,43,3.24
209,Burley,US,2022-07-20 17:55:40,42.5357,-113.7928,93.79,17,0,8.12
210,Puerto Penasco,MX,2022-07-20 17:55:40,31.3167,-113.5333,87.91,74,91,11.99
211,Sur,OM,2022-07-20 17:55:41,22.5667,59.5289,84.6,74,95,15.52
212,Ulaangom,MN,2022-07-20 17:55:41,49.9811,92.0667,58.6,43,13,1.16
213,Abeche,TD,2022-07-20 17:55:42,13.8292,20.8324,77.72,70,74,16.28
214,Lorengau,PG,2022-07-20 17:55:42,-2.0226,147.2712,80.67,78,52,4.74
215,Bethel,US,2022-07-20 17:55:43,41.3712,-73.414,95.9,52,5,1.99
216,Srisailam,IN,2022-07-20 17:55:43,16.0833,78.8667,80.83,63,29,2.62
217,Aklavik,CA,2022-07-20 17:55:43,68.2191,-135.0107,60.8,63,75,0.0
218,Oranjemund,NA,2022-07-20 17:55:44,-28.55,16.4333,53.96,79,2,23.24
219,Saint-Joseph,RE,2022-07-20 17:55:45,-21.3667,55.6167,70.18,71,25,14.94
220,Mount Isa,AU,2022-07-20 17:55:45,-20.7333,139.5,55.17,35,0,8.05
221,Sar-E Pul,AF,2022-07-20 17:55:45,35.8333,66.1667,74.08,23,0,5.57
222,Muncie,US,2022-07-20 17:55:46,40.1934,-85.3864,89.89,74,11,11.99
223,Inverness,GB,2022-07-20 17:55:46,57.4791,-4.224,67.78,61,20,12.66
224,Skibbereen,IE,2022-07-20 17:55:47,51.55,-9.2667,61.11,60,76,11.43
225,Kismayo,SO,2022-07-20 17:55:47,-0.3582,42.5454,75.31,78,48,16.15
226,De-Kastri,RU,2022-07-20 17:55:48,51.4667,140.7833,57.4,91,100,6.64
227,Guerrero Negro,MX,2022-07-20 17:55:48,27.9769,-114.0611,81.1,49,50,10.04
228,Gavle,SE,2022-07-20 17:55:49,60.6745,17.1417,82.92,45,89,4.74
229,Port Macquarie,AU,2022-07-20 17:55:49,-31.4333,152.9167,51.69,100,75,0.0
230,Point Pedro,LK,2022-07-20 17:55:49,9.8167,80.2333,80.76,85,71,13.18
231,Salinopolis,BR,2022-07-20 17:55:50,-0.6136,-47.3561,82.45,77,39,8.5
232,Lima,PE,2022-07-20 17:56:50,-12.0432,-77.0282,59.25,77,100,5.75
233,Yerbogachen,RU,2022-07-20 17:56:51,61.2767,108.0108,54.45,91,100,4.09
234,Rio Negro,BR,2022-07-20 17:51:56,-26.1058,-49.7975,71.13,59,69,2.1
235,Minab,IR,2022-07-20 17:56:51,27.1467,57.0801,91.72,62,59,4.61
236,North Bend,US,2022-07-20 17:56:52,43.4065,-124.2243,63.16,100,88,1.01
237,Gimli,CA,2022-07-20 17:56:52,50.6336,-96.9907,76.24,61,3,15.9
238,Yar-Sale,RU,2022-07-20 17:56:53,66.8333,70.8333,54.7,72,44,12.17
239,Ambon,ID,2022-07-20 17:56:55,-3.6954,128.1814,78.24,15,87,11.45
240,Dikson,RU,2022-07-20 17:56:55,73.5069,80.5464,44.02,67,10,21.52
241,Kabinda,CD,2022-07-20 17:56:56,-6.1333,24.4833,76.77,36,67,4.09
242,Codrington,AU,2022-07-20 17:56:56,-38.2667,141.9667,38.48,86,0,7.56
243,Ostrovnoy,RU,2022-07-20 17:56:56,68.0531,39.5131,49.86,92,9,6.51
244,Danesti,RO,2022-07-20 17:56:57,46.5167,25.75,66.45,62,41,2.89
245,Port Elizabeth,ZA,2022-07-20 17:56:57,-33.918,25.5701,57.09,94,100,4.61
246,East London,ZA,2022-07-20 17:56:58,-33.0153,27.9116,62.71,80,83,7.09
247,Balkanabat,TM,2022-07-20 17:56:58,39.5108,54.3671,91.08,40,0,7.56
248,Isangel,VU,2022-07-20 17:56:59,-19.55,169.2667,75.56,90,64,8.59
249,Najran,SA,2022-07-20 17:55:29,17.4924,44.1277,93.85,34,100,8.46
250,Valdivia,CL,2022-07-20 17:56:59,-39.8142,-73.2459,53.69,96,100,7.74
251,Coquimbo,CL,2022-07-20 17:52:53,-29.9533,-71.3436,53.33,87,100,2.3
252,Kuching,MY,2022-07-20 17:57:00,1.55,110.3333,79.02,94,20,1.01
253,Yulara,AU,2022-07-20 17:57:01,-25.2406,130.9889,47.77,47,12,10.58
254,Teguldet,RU,2022-07-20 17:57:01,57.3064,88.1667,53.01,97,5,4.85
255,Kutum,SD,2022-07-20 17:57:02,14.2,24.6667,81.75,45,80,4.18
256,Mayumba,GA,2022-07-20 17:57:02,-3.432,10.6554,70.63,93,75,7.09
257,Sorong,ID,2022-07-20 17:57:03,-0.8833,131.25,77.74,88,100,6.69
258,Mabaruma,GY,2022-07-20 17:57:03,8.2,-59.7833,80.76,91,100,2.77
259,Dargaville,NZ,2022-07-20 17:57:04,-35.9333,173.8833,50.22,82,31,12.39
260,Mundybash,RU,2022-07-20 17:57:04,53.211,87.2983,54.52,80,71,3.85
261,Rio De Jesus,PA,2022-07-20 17:57:05,7.9844,-81.1631,83.07,78,100,6.06
262,Korla,CN,2022-07-20 17:57:05,41.7597,86.1469,69.96,45,10,5.64
263,Quatre Cocos,MU,2022-07-20 17:57:06,-20.2078,57.7625,71.1,70,88,21.18
264,Banjarmasin,ID,2022-07-20 17:57:06,-3.3244,114.591,77.14,94,11,2.21
265,Samarai,PG,2022-07-20 17:57:07,-10.6167,150.6667,79.88,81,36,9.86
266,Kruisfontein,ZA,2022-07-20 17:57:07,-34.0033,24.7314,54.88,93,100,2.64
267,Santa Rosa,PH,2022-07-20 17:57:08,14.3122,121.1114,84.18,82,95,5.14
268,Lasa,IT,2022-07-20 17:57:08,46.6166,10.7002,74.44,79,78,3.71
269,Qaanaaq,GL,2022-07-20 17:57:09,77.484,-69.3632,41.04,81,100,4.5
270,Altamont,US,2022-07-20 17:57:09,42.2068,-121.7372,83.89,29,0,1.01
271,Ponta Delgada,PT,2022-07-20 17:57:09,37.7333,-25.6667,72.32,83,75,6.91
272,Hare Bay,CA,2022-07-20 17:57:10,48.8499,-54.0148,71.2,75,89,18.39
273,Kaura Namoda,NG,2022-07-20 17:57:10,12.5898,6.5779,85.5,53,83,4.59
274,Villa Carlos Paz,AR,2022-07-20 17:57:11,-31.4241,-64.4978,74.39,31,2,14.85
275,Saint-Pierre,RE,2022-07-20 17:58:11,-21.3393,55.4781,71.28,53,0,8.05
276,Abbeville,FR,2022-07-20 17:57:01,50.1,1.8333,67.96,68,77,8.43
277,Cayenne,GF,2022-07-20 17:58:12,4.9333,-52.3333,87.84,4,20,10.36
278,Okhotsk,RU,2022-07-20 17:58:13,59.3833,143.3,57.24,94,94,3.71
279,Chokurdakh,RU,2022-07-20 17:58:13,70.6333,147.9167,38.79,80,67,9.57
280,Tuktoyaktuk,CA,2022-07-20 17:58:14,69.4541,-133.0374,57.2,82,75,11.5
281,Cedar City,US,2022-07-20 17:58:14,37.6775,-113.0619,89.4,25,7,7.0
282,Nanortalik,GL,2022-07-20 17:58:14,60.1432,-45.2371,53.01,79,73,14.83
283,Labrea,BR,2022-07-20 17:58:15,-7.2586,-64.7981,95.85,26,4,2.82
284,Itarema,BR,2022-07-20 17:58:15,-2.9248,-39.9167,83.07,60,58,16.55
285,San Quintin,MX,2022-07-20 17:58:16,30.4833,-115.95,76.96,56,81,9.91
286,Tari,NG,2022-07-20 17:58:16,12.4086,4.4914,85.59,56,97,6.06
287,Rio Gallegos,AR,2022-07-20 17:58:17,-51.6226,-69.2181,37.45,60,0,37.98
288,Pavlohrad,UA,2022-07-20 17:58:17,48.5167,35.8667,71.67,47,68,7.07
289,Sarkand,KZ,2022-07-20 17:53:53,45.41,79.9186,66.78,27,1,7.83
290,Portland,US,2022-07-20 17:58:18,45.5234,-122.6762,82.63,59,0,4.0
291,Brus Laguna,HN,2022-07-20 17:58:19,15.75,-84.4833,86.77,64,95,7.4
292,Vitim,RU,2022-07-20 17:58:19,59.4511,112.5578,61.21,93,99,7.74
293,Tazovskiy,RU,2022-07-20 17:58:20,67.4667,78.7,49.08,73,91,13.09
294,Severnyy,RU,2022-07-20 17:58:20,50.677,36.5532,57.24,94,75,6.71
295,Albanel,CA,2022-07-20 17:58:21,48.8832,-72.4487,75.18,43,37,1.14
296,Upernavik,GL,2022-07-20 17:58:21,72.7868,-56.1549,48.25,68,64,8.01
297,Paamiut,GL,2022-07-20 17:58:21,61.994,-49.6678,49.12,87,91,20.83
298,Road Town,VG,2022-07-20 17:58:22,18.4167,-64.6167,87.84,66,40,14.97
299,Mazamari,PE,2022-07-20 17:58:23,-11.3258,-74.5308,89.13,42,36,3.22
300,Nouadhibou,MR,2022-07-20 17:58:23,20.931,-17.0347,73.38,83,20,16.11
301,Joao Camara,BR,2022-07-20 17:58:23,-5.5375,-35.8197,81.91,56,28,15.66
302,Numan,NG,2022-07-20 17:58:24,9.4667,12.0333,74.37,89,100,1.81
303,Coahuayana,MX,2022-07-20 17:58:25,18.7333,-103.6833,94.93,48,86,3.2
304,Riyadh,SA,2022-07-20 17:56:56,24.6877,46.7219,104.14,9,38,11.48
305,Sangueya,GN,2022-07-20 17:58:26,10.7,-14.3667,74.55,96,100,5.26
306,Hays,US,2022-07-20 17:58:27,30.0502,-98.0336,98.6,49,2,3.0
307,Nzega,RW,2022-07-20 17:58:27,-2.479,29.5564,63.36,52,75,2.26
308,Wattegama,LK,2022-07-20 17:58:27,6.7989,81.4808,75.38,91,76,3.96
309,Morondava,MG,2022-07-20 17:58:28,-20.2833,44.2833,73.78,79,0,11.99
310,Galt,US,2022-07-20 17:58:28,38.2546,-121.3,93.65,42,0,8.7
311,Tomatlan,MX,2022-07-20 17:58:29,19.9333,-105.25,95.65,46,89,2.77
312,Nishihara,JP,2022-07-20 17:58:29,26.1842,127.7558,83.48,89,20,9.22
313,Talnakh,RU,2022-07-20 17:58:29,69.4865,88.3972,52.21,72,83,2.64
314,High Level,CA,2022-07-20 17:58:30,58.5169,-117.136,68.11,56,20,8.05
315,Talcahuano,CL,2022-07-20 17:56:39,-36.7167,-73.1167,53.28,87,100,8.05
316,Lagunas,PE,2022-07-20 17:58:31,-5.2269,-75.6753,92.1,39,64,5.3
317,Puerto Boyaca,CO,2022-07-20 17:58:31,5.9758,-74.5885,92.97,43,54,2.39
318,Corinto,GR,2022-07-20 17:58:31,37.9407,22.9573,82.42,40,0,4.34
319,Evensk,RU,2022-07-20 17:59:32,61.95,159.2333,55.65,86,10,5.41
320,Fare,PF,2022-07-20 17:59:32,-16.7,-151.0167,77.29,68,0,8.5
321,Carutapera,BR,2022-07-20 17:59:33,-1.195,-46.02,83.71,69,43,7.45
322,Itupeva,BR,2022-07-20 17:59:33,-23.1531,-47.0578,78.53,47,40,17.27
323,The Valley,AI,2022-07-20 17:57:45,18.217,-63.0578,86.14,70,20,18.41
324,Tamandare,BR,2022-07-20 17:59:34,-8.7597,-35.1047,77.09,81,47,10.67
325,Sorland,NO,2022-07-20 17:59:34,67.667,12.6934,53.46,94,83,23.58
326,Leningradskiy,RU,2022-07-20 17:59:35,69.3833,178.4167,32.92,96,100,16.69
327,Kahului,US,2022-07-20 17:59:35,20.8947,-156.47,73.98,88,29,13.6
328,Senador Jose Porfirio,BR,2022-07-20 17:59:36,-2.5908,-51.9542,87.3,57,25,2.06
329,Luderitz,NA,2022-07-20 17:59:36,-26.6481,15.1594,58.59,58,1,21.59
330,Owando,CG,2022-07-20 17:59:37,-0.4819,15.8999,78.87,68,76,2.44
331,Yantzaza,EC,2022-07-20 17:59:37,-3.8278,-78.7594,72.45,87,93,1.54
332,Caraquet,CA,2022-07-20 17:59:37,47.7941,-64.9386,73.94,57,51,20.78
333,Kindu,CD,2022-07-20 17:59:38,-2.95,25.95,82.31,43,63,1.07
334,Lebu,CL,2022-07-20 17:59:38,-37.6167,-73.65,53.19,96,100,11.18
335,Mount Gambier,AU,2022-07-20 17:59:39,-37.8333,140.7667,38.97,86,0,5.3
336,Semnan,IR,2022-07-20 17:56:15,35.5729,53.3971,94.84,12,0,6.91
337,Dudinka,RU,2022-07-20 17:59:40,69.4058,86.1778,52.63,81,100,8.21
338,Elliot Lake,CA,2022-07-20 17:59:40,46.3834,-82.6331,74.7,86,97,9.42
339,Isiro,CD,2022-07-20 17:59:41,2.7739,27.616,68.05,88,19,2.84
340,Puerto Escondido,MX,2022-07-20 17:59:41,15.85,-97.0667,87.49,66,94,6.2
341,Ketchikan,US,2022-07-20 17:59:41,55.3422,-131.6461,57.76,81,100,3.8
342,Port Keats,AU,2022-07-20 17:59:42,-14.25,129.55,69.12,48,18,6.24
343,Misratah,LY,2022-07-20 17:59:42,32.3754,15.0925,82.06,61,0,14.05
344,Bacolod,PH,2022-07-20 17:55:43,10.6667,122.95,78.22,84,90,1.92
345,Krivodol,BG,2022-07-20 17:59:43,43.3744,23.4844,79.03,25,0,0.58
346,Markovo,RU,2022-07-20 17:59:43,57.3206,107.0881,55.31,95,47,2.93
347,Ancud,CL,2022-07-20 17:55:00,-41.8697,-73.8203,42.22,67,100,16.13
348,Pacific Grove,US,2022-07-20 17:59:44,36.6177,-121.9166,73.2,93,1,13.0
349,Xinzhou,CN,2022-07-20 17:59:45,38.4092,112.7333,66.65,64,0,0.6
350,Westerland,DE,2022-07-20 17:58:08,54.9079,8.3033,72.01,78,0,12.66
351,Tiarei,PF,2022-07-20 17:59:46,-17.5333,-149.3333,71.62,72,9,11.32
352,Volchikha,RU,2022-07-20 17:59:47,52.0333,80.3833,69.31,42,100,6.55
353,Bonavista,CA,2022-07-20 17:59:47,48.6499,-53.1147,65.28,79,54,24.11
354,Colares,PT,2022-07-20 17:59:48,38.7992,-9.4469,87.48,56,20,18.41
355,Flinders,AU,2022-07-20 17:59:48,-34.5833,150.8552,51.19,93,99,5.99
356,Bondoukou,CI,2022-07-20 17:59:49,8.0333,-2.8,75.7,71,95,7.38
357,Palmer,US,2022-07-20 17:59:49,42.1584,-72.3287,94.62,51,3,3.0
358,Naze,JP,2022-07-20 17:59:50,28.3667,129.4833,79.72,89,95,15.23
359,Gizo,SB,2022-07-20 17:59:50,-8.103,156.8419,80.64,75,65,5.59
360,Whitehorse,CA,2022-07-20 17:59:50,60.7161,-135.0538,53.1,76,100,8.05
361,Primorsk,UA,2022-07-20 17:59:51,46.7348,36.3443,75.65,57,27,16.87
362,Ambagarh Chauki,IN,2022-07-20 17:59:51,20.7833,80.7167,75.31,92,100,6.71
363,Katsuura,JP,2022-07-20 17:59:52,35.1333,140.3,76.89,83,94,5.79
364,Mehran,IR,2022-07-20 18:00:59,33.1222,46.1646,104.0,7,0,11.39
365,Usinsk,RU,2022-07-20 18:01:00,65.9939,57.5281,64.22,58,6,9.33
366,Dzhubga,RU,2022-07-20 18:01:01,44.3211,38.7039,70.0,87,11,3.4
367,Kurilsk,RU,2022-07-20 18:01:02,45.2333,147.8833,51.94,96,100,7.45
368,Dhidhdhoo,MV,2022-07-20 18:01:02,6.8833,73.1,80.98,77,100,16.11
369,Noumea,NC,2022-07-20 17:56:59,-22.2763,166.4572,75.0,99,100,5.28
370,Vodyane,UA,2022-07-20 18:01:04,47.4875,34.4924,80.69,43,36,18.03
371,Rudnogorsk,RU,2022-07-20 18:01:05,57.2639,103.7519,54.07,86,69,4.0
372,Peace River,CA,2022-07-20 18:01:07,56.2501,-117.286,72.43,41,9,12.55
373,Asyut,EG,2022-07-20 18:01:08,27.181,31.1837,91.76,18,1,9.57
374,Skelleftea,SE,2022-07-20 17:59:46,64.7507,20.9528,72.0,62,20,9.22
375,Linxia,CN,2022-07-20 18:01:10,35.6003,103.2064,61.56,69,75,3.78
376,Alexandria,EG,2022-07-20 18:01:10,31.2156,29.9553,79.07,66,0,14.27
377,Aleksandrovsk-Sakhalinskiy,RU,2022-07-20 18:01:12,50.8975,142.1561,56.73,93,100,5.88
378,Snezhnogorsk,RU,2022-07-20 18:01:12,69.1933,33.2531,67.78,91,100,8.66
379,Goderich,CA,2022-07-20 18:01:13,43.7501,-81.7165,82.9,75,81,21.41
380,Acurenam,GQ,2022-07-20 18:01:14,1.0322,10.6488,68.58,93,95,4.38
381,Bandarbeyla,SO,2022-07-20 18:01:15,9.4942,50.8122,81.41,53,47,25.84
382,Zeya,RU,2022-07-20 18:01:16,53.75,127.2667,57.78,95,17,2.3
383,Alugan,PH,2022-07-20 18:01:16,12.2188,125.4808,81.32,80,99,4.25
384,Yokadouma,CM,2022-07-20 18:01:18,3.5167,15.05,70.21,97,100,0.85
385,Northam,GB,2022-07-20 18:01:19,51.0333,-4.2167,64.62,78,88,16.64
386,Almetyevsk,RU,2022-07-20 18:01:19,54.9044,52.3154,57.45,86,87,3.33
387,Kuytun,RU,2022-07-20 18:01:20,54.3419,101.5036,53.85,85,44,2.86
388,Summerland,CA,2022-07-20 18:01:21,49.5998,-119.6691,84.25,21,7,0.89
389,Betsiamites,CA,2022-07-20 18:01:22,48.9413,-68.646,71.31,52,0,8.66
390,Oksfjord,NO,2022-07-20 18:01:23,70.2396,22.3479,66.27,67,46,7.87
391,Norman Wells,CA,2022-07-20 18:01:24,65.282,-126.8329,73.27,43,92,1.99
392,Smithers,CA,2022-07-20 18:01:24,54.7804,-127.1743,66.94,51,57,1.52
393,Fortuna,US,2022-07-20 18:01:26,40.5982,-124.1573,59.67,80,46,6.8
394,Vanino,RU,2022-07-20 18:01:27,49.0869,140.2543,57.7,96,97,1.77
395,Kautokeino,NO,2022-07-20 18:01:28,69.0125,23.0412,59.81,72,97,10.85
396,Kirovskiy,RU,2022-07-20 18:01:29,45.0917,133.5136,63.86,97,42,3.06
397,Ferrol,ES,2022-07-20 18:00:17,43.4832,-8.2369,73.35,79,1,20.38
398,Boissevain,CA,2022-07-20 18:01:30,49.2306,-100.0559,77.5,60,2,12.03
399,Poum,NC,2022-07-20 18:00:23,-20.2333,164.0167,75.02,87,100,10.78
400,Kemalpasa,TR,2022-07-20 18:01:32,38.4262,27.4173,82.98,40,0,11.41
401,Vaitape,PF,2022-07-20 18:01:33,-16.5167,-151.75,77.5,65,0,9.55
402,Port Hedland,AU,2022-07-20 18:01:34,-20.3167,118.5667,57.25,72,0,6.91
403,Seoul,KR,2022-07-20 18:00:08,37.5683,126.9778,72.79,93,100,6.17
404,Pisco,PE,2022-07-20 18:01:35,-13.7,-76.2167,66.34,68,65,9.82
405,Belmonte,BR,2022-07-20 18:01:36,-15.8631,-38.8828,77.11,64,46,10.76
406,Agadez,NE,2022-07-20 18:01:36,19.75,10.25,94.82,11,4,8.61
407,Byron Bay,AU,2022-07-20 18:01:37,-28.65,153.6167,54.95,70,100,15.12
408,Ghanzi,BW,2022-07-20 18:01:38,-21.5667,21.7833,58.41,35,0,7.2
409,Feijo,BR,2022-07-20 18:01:38,-8.1642,-70.3536,91.92,30,4,4.74
410,Egvekinot,RU,2022-07-20 18:01:39,66.3167,-179.1667,34.0,69,14,13.13
411,Mayor Pablo Lagerenza,PY,2022-07-20 18:01:40,-19.9309,-60.7718,95.29,16,39,13.49
412,Pathein,MM,2022-07-20 18:02:41,16.7833,94.7333,78.98,89,100,9.13
413,San Policarpo,PH,2022-07-20 18:02:41,12.1791,125.5072,81.93,78,99,4.25
414,Husavik,IS,2022-07-20 18:02:42,66.0449,-17.3389,46.15,85,100,7.25
415,San Luis,AR,2022-07-20 17:57:43,-33.295,-66.3356,67.53,27,3,14.54
416,Savannah Bight,HN,2022-07-20 18:02:43,16.45,-85.85,82.69,75,65,16.53
417,Saint-Augustin,CA,2022-07-20 18:02:44,51.226,-58.6502,56.7,90,100,13.38
418,Junagarh,IN,2022-07-20 18:02:44,19.8667,82.9333,78.49,87,100,3.69
419,Pangody,RU,2022-07-20 18:02:46,65.85,74.4859,56.53,55,36,7.58
420,Pemangkat,ID,2022-07-20 18:02:48,1.1667,108.9667,78.82,86,16,0.74
421,Peniche,PT,2022-07-20 18:00:13,39.3558,-9.3811,78.08,74,0,17.38
422,Acarau,BR,2022-07-20 18:02:50,-2.8856,-40.12,84.72,57,59,16.33
423,Gamba,GA,2022-07-20 18:02:50,-2.65,10.0,70.72,92,69,6.98
424,Nagapattinam,IN,2022-07-20 18:02:51,10.7667,79.8333,83.03,79,15,11.05
425,Kidal,ML,2022-07-20 18:02:51,18.4411,1.4078,97.0,27,86,5.57
426,Avarua,CK,2022-07-20 18:02:52,-21.2078,-159.775,73.45,68,75,16.11
427,College,US,2022-07-20 18:02:53,64.8569,-147.8028,57.0,80,96,1.9
428,Mineiros,BR,2022-07-20 18:02:54,-17.5694,-52.5511,86.67,18,18,8.05
429,Yefremov,RU,2022-07-20 18:02:54,53.1481,38.0992,55.96,94,98,6.22
430,El Alto,PE,2022-07-20 18:02:55,-4.2714,-81.2147,70.74,64,17,18.75
431,Yamoussoukro,CI,2022-07-20 17:59:33,6.8206,-5.2767,78.69,74,100,4.61
432,Comodoro Rivadavia,AR,2022-07-20 18:02:38,-45.8667,-67.5,44.67,44,2,30.06
433,Saucillo,MX,2022-07-20 18:02:56,28.0167,-105.2833,98.02,18,1,11.79
434,Bone,DE,2022-07-20 18:02:57,51.9669,12.1396,97.25,36,93,10.98
435,Zhigansk,RU,2022-07-20 18:02:57,66.7697,123.3711,48.31,70,93,15.73
436,Brae,GB,2022-07-20 18:03:00,60.3964,-1.353,57.09,82,73,12.19
437,Itanhem,BR,2022-07-20 18:03:02,-17.1664,-40.33,76.68,65,87,9.17
438,Zhuanghe,CN,2022-07-20 18:03:03,39.7008,122.9911,71.65,69,100,4.9
439,Soyo,AO,2022-07-20 18:03:04,-6.1349,12.3689,70.65,88,82,9.37
440,El Castillo,MX,2022-07-20 18:03:05,19.5333,-96.85,78.78,59,95,6.31
441,Padang,ID,2022-07-20 18:03:06,-0.9492,100.3543,76.68,85,92,3.74
442,Eskisehir,TR,2022-07-20 18:01:51,39.7767,30.5206,63.84,54,0,10.49
443,Tinaquillo,VE,2022-07-20 18:03:07,9.9186,-68.3047,89.67,84,77,5.06
444,Wad Madani,SD,2022-07-20 18:03:07,14.4012,33.5199,90.64,39,80,13.33
445,Mill Valley,US,2022-07-20 18:03:08,37.906,-122.545,79.9,78,37,7.0
446,Virginia Beach,US,2022-07-20 18:03:08,36.8529,-75.978,97.02,58,75,9.22
447,Issoudun,FR,2022-07-20 18:00:08,47.0,1.8333,78.49,47,83,14.97
448,Kologriv,RU,2022-07-20 18:03:09,58.8275,44.3178,54.46,94,100,3.96
449,Porosozero,RU,2022-07-20 18:03:10,62.7191,32.727,67.96,71,55,9.91
450,Anadyr,RU,2022-07-20 18:03:11,64.75,177.4833,39.0,93,86,5.99
451,Yenagoa,NG,2022-07-20 18:03:11,4.9247,6.2642,76.6,74,91,7.9
452,Vysokogornyy,RU,2022-07-20 18:03:13,50.1167,139.15,57.7,99,100,2.84
453,Rovinj,HR,2022-07-20 18:02:36,45.08,13.64,88.29,53,3,1.74
454,Sao Joao Da Barra,BR,2022-07-20 18:04:14,-21.6403,-41.0511,78.89,76,55,9.98
455,Marstal,DK,2022-07-20 18:04:15,54.8562,10.5173,82.31,70,2,8.55
456,Abu Zabad,SD,2022-07-20 18:04:15,12.35,29.25,82.26,60,30,14.09
457,Oranjestad,AW,2022-07-20 18:04:16,12.524,-70.027,80.22,87,27,20.11
458,Gerardmer,FR,2022-07-20 18:00:06,48.0735,6.8779,62.44,97,76,2.26
459,Mikuni,JP,2022-07-20 18:04:16,36.2171,136.1519,73.45,84,81,2.93
460,Miquelon,PM,2022-07-20 18:04:17,47.0975,-56.3814,66.2,90,70,27.29
461,Cherskiy,RU,2022-07-20 18:04:17,68.75,161.3,36.91,86,78,12.62
462,Darovskoy,RU,2022-07-20 18:04:18,58.77,47.9564,54.25,91,99,2.08
463,Westport,US,2022-07-20 18:04:18,41.1415,-73.3579,98.42,58,0,11.5
464,Nelson Bay,AU,2022-07-20 18:04:19,-32.7167,152.15,61.0,84,78,8.99
465,Jodhpur,IN,2022-07-20 18:04:19,26.2867,73.03,87.85,62,100,17.45
466,Otradnoye,RU,2022-07-20 18:02:50,59.7775,30.8181,74.03,57,93,12.01
467,Acapulco,MX,2022-07-20 18:02:12,16.8634,-99.8901,86.49,70,43,5.17
468,Hobyo,SO,2022-07-20 18:04:21,5.3505,48.5268,75.78,80,59,27.31
469,Sept-Iles,CA,2022-07-20 18:04:22,50.2001,-66.3821,71.89,53,31,10.76
470,Xiongzhou,CN,2022-07-20 18:04:22,25.1167,114.3,77.67,91,96,2.98
471,Phan Thiet,VN,2022-07-20 18:01:59,10.9333,108.1,75.61,93,100,4.16
472,Rudsar,IR,2022-07-20 18:04:23,37.1376,50.288,78.51,86,56,3.56
473,Bria,CF,2022-07-20 18:00:02,6.5423,21.9863,70.23,95,54,2.04
474,Uniontown,US,2022-07-20 18:04:24,39.9001,-79.7164,88.57,39,1,1.99
475,Nukus,UZ,2022-07-20 18:00:25,42.4531,59.6103,91.38,25,0,4.61
476,Yuancheng,CN,2022-07-20 18:04:24,36.652,107.7896,66.92,65,0,3.62
477,Coruripe,BR,2022-07-20 18:04:25,-10.1256,-36.1756,76.19,85,55,14.63
478,San Buenaventura,MX,2022-07-20 18:04:26,27.0833,-101.5333,101.48,27,14,6.67
479,Cozumel,MX,2022-07-20 18:04:26,20.5083,-86.9458,86.07,77,75,11.5
480,Kieta,PG,2022-07-20 18:04:27,-6.2167,155.6333,77.7,84,100,4.14
481,Jacareacanga,BR,2022-07-20 18:04:28,-6.2222,-57.7528,96.62,26,42,3.78
482,Baijiantan,CN,2022-07-20 18:04:28,45.6333,85.1833,78.39,24,64,6.6
483,Ust-Kulom,RU,2022-07-20 18:04:28,61.6864,53.6902,57.63,88,100,3.8
484,Farmington,US,2022-07-20 18:00:51,36.7281,-108.2187,95.2,18,0,10.36
485,Leshukonskoye,RU,2022-07-20 18:04:29,64.8989,45.7622,68.79,56,62,3.53
486,Zheleznodorozhnyy,RU,2022-07-20 18:04:30,55.7503,38.0042,61.21,88,71,6.11
487,Haines Junction,CA,2022-07-20 18:04:30,60.7522,-137.5108,54.3,56,100,6.64
488,Kysyl-Syr,RU,2022-07-20 18:04:31,63.8986,122.7617,59.09,83,100,5.97
489,Pishin,PK,2022-07-20 18:04:31,30.5803,66.9961,88.57,18,2,8.41
490,Balkhash,KZ,2022-07-20 18:04:32,46.844,74.9804,76.66,41,1,9.71
491,Lekoni,GA,2022-07-20 18:04:33,-1.5843,14.2591,83.8,45,92,0.96
492,Moyale,KE,2022-07-20 18:04:33,3.5167,39.0584,68.81,61,99,11.56
493,Jadu,LY,2022-07-20 18:04:34,31.953,12.0261,84.45,29,0,15.32
494,Guerrero,MX,2022-07-20 18:04:34,17.6667,-100.0,81.84,57,53,4.09
495,Wajima,JP,2022-07-20 18:04:35,37.4,136.9,74.03,86,100,2.04
496,Ust-Nera,RU,2022-07-20 18:04:35,64.5667,143.2,54.28,84,98,8.23
497,Rawson,AR,2022-07-20 18:04:35,-43.3002,-65.1023,57.24,48,100,23.49
498,Biloela,AU,2022-07-20 18:04:36,-24.4167,150.5,59.16,85,82,16.91
499,Moranbah,AU,2022-07-20 18:01:44,-22.0016,148.0466,57.61,96,72,16.73
500,Batticaloa,LK,2022-07-20 18:05:37,7.7102,81.6924,81.82,79,44,5.3
501,Polyarnyy,RU,2022-07-20 18:02:00,69.1989,33.4478,55.78,90,100,7.94
502,Yakeshi,CN,2022-07-20 18:05:37,49.2833,120.7333,62.42,73,0,3.51
503,Laguna,US,2022-07-20 18:05:38,38.421,-121.4238,95.02,39,0,5.75
504,Tshikapa,CD,2022-07-20 18:05:39,-6.4167,20.8,81.66,30,10,3.0
505,Gunjur,GM,2022-07-20 18:05:39,13.2019,-16.7339,84.27,70,75,8.05
506,Gewane,ET,2022-07-20 18:05:39,10.1664,40.6453,78.58,56,100,9.19
507,Aykhal,RU,2022-07-20 18:05:02,66.0,111.5,51.8,66,100,7.74
508,Pavlovsk,RU,2022-07-20 18:05:40,50.4578,40.1081,66.24,61,95,8.01
509,Vila Velha,BR,2022-07-20 18:05:41,-20.3297,-40.2925,78.75,76,0,13.8
510,Cartagena,CO,2022-07-20 18:02:37,10.3997,-75.5144,86.52,68,84,4.54
511,Gasa,PS,2022-07-20 18:03:29,31.5,34.4667,82.89,70,0,9.1
512,La Palma,US,2022-07-20 18:03:52,33.8464,-118.0467,92.66,67,0,6.91
513,Orizona,BR,2022-07-20 18:05:42,-17.0314,-48.2958,83.14,25,4,10.71
514,Tera,NE,2022-07-20 18:05:43,14.0078,0.7531,90.32,44,93,11.68
515,Tuatapere,NZ,2022-07-20 18:05:43,-46.1333,167.6833,41.97,86,98,1.59
516,Skjervoy,NO,2022-07-20 18:05:44,70.0311,20.9714,68.0,70,56,7.14
517,Oktyabrskiy,RU,2022-07-20 18:01:41,54.4815,53.471,57.22,87,47,4.34
518,Alice Springs,AU,2022-07-20 18:04:06,-23.7,133.8833,33.35,75,1,0.0
519,Priekule,LV,2022-07-20 18:05:45,56.4468,21.5897,69.12,62,50,4.34
520,Treinta Y Tres,UY,2022-07-20 18:05:46,-33.2333,-54.3833,65.55,70,0,9.66
521,Narsaq,GL,2022-07-20 18:05:46,60.9167,-46.05,57.42,84,98,1.39
522,Porto Belo,BR,2022-07-20 18:05:47,-27.1578,-48.5531,73.09,76,5,7.23
523,Kaduna,NG,2022-07-20 18:05:47,10.5222,7.4383,73.29,83,89,4.29
524,Urumqi,CN,2022-07-20 18:05:48,43.801,87.6005,70.75,33,0,8.95
525,Oparino,RU,2022-07-20 18:05:48,59.8518,48.2783,53.2,95,99,3.58
526,Denpasar,ID,2022-07-20 18:05:49,-8.65,115.2167,76.71,88,20,9.22
527,Beloha,MG,2022-07-20 18:05:49,-25.1667,45.05,64.38,66,0,8.66
528,Asau,RO,2022-07-20 18:05:49,46.4333,26.4,79.72,56,51,5.77
529,Santa Maria,BR,2022-07-20 18:05:50,-29.6842,-53.8069,75.43,71,25,4.16
530,Salalah,OM,2022-07-20 18:02:17,17.0151,54.0924,76.82,96,100,6.42
531,Labuan,MY,2022-07-20 18:05:51,5.2767,115.2417,82.24,74,63,6.87
532,Qingyuan,CN,2022-07-20 18:05:51,23.7,113.0333,84.18,85,94,1.39
533,Abha,SA,2022-07-20 18:05:51,18.2164,42.5053,66.45,68,20,11.5
534,Luau,AO,2022-07-20 18:03:17,-10.7073,22.2247,71.28,27,36,4.41
535,Bosaso,SO,2022-07-20 18:05:52,11.2842,49.1816,88.36,52,90,9.73
536,Capao Da Canoa,BR,2022-07-20 18:05:53,-29.7456,-50.0097,63.48,84,0,15.99
537,Jalu,LY,2022-07-20 18:05:54,29.0331,21.5482,87.89,17,0,9.31
538,Ada,US,2022-07-20 18:05:54,43.4166,-116.1262,87.98,22,0,5.99
539,Bamiantong,CN,2022-07-20 18:03:37,44.9333,130.5333,64.27,93,66,2.01
540,Caravelas,BR,2022-07-20 18:05:55,-17.7125,-39.2481,76.87,63,38,7.81
541,Grindavik,IS,2022-07-20 18:05:55,63.8424,-22.4338,52.27,87,75,16.11
542,Ayagoz,KZ,2022-07-20 18:05:56,47.9714,80.4392,69.37,26,79,7.67
543,Petropavlovsk-Kamchatskiy,RU,2022-07-20 18:03:19,53.0452,158.6483,52.45,94,98,0.89
544,Sioux Lookout,CA,2022-07-20 18:05:56,50.1001,-91.917,73.62,66,100,9.51
545,Ust-Kuyga,RU,2022-07-20 18:06:57,70.0167,135.6,41.63,79,12,4.09
546,Tuensang,IN,2022-07-20 18:06:57,26.2833,94.8333,71.1,99,100,2.44
547,Ucluelet,CA,2022-07-20 18:06:58,48.9329,-125.5528,55.71,76,34,4.99
548,Omboue,GA,2022-07-20 18:06:58,-1.5746,9.2618,72.36,88,91,8.23
549,Hemsedal,NO,2022-07-20 18:06:58,60.8629,8.5534,73.33,61,100,8.86
550,Karaj,IR,2022-07-20 18:06:59,35.8355,51.0103,89.76,15,0,3.27
551,Heihe,CN,2022-07-20 18:07:00,50.2441,127.4902,63.88,90,0,3.36
552,Hualmay,PE,2022-07-20 18:07:01,-11.0964,-77.6139,66.43,70,56,9.53
553,Pochutla,MX,2022-07-20 18:07:01,15.7432,-96.4661,93.81,55,99,5.84
554,Pascagoula,US,2022-07-20 18:07:01,30.3658,-88.5561,94.03,68,20,6.91
555,Port Augusta,AU,2022-07-20 18:07:02,-32.5,137.7667,42.78,83,6,5.46
556,Avera,US,2022-07-20 18:07:02,33.194,-82.5271,83.71,45,37,8.28
557,Eirunepe,BR,2022-07-20 18:07:03,-6.6603,-69.8736,92.82,33,2,4.18
558,Beringovskiy,RU,2022-07-20 18:07:03,63.05,179.3167,43.84,79,86,17.87
559,Hyeres,FR,2022-07-20 18:07:04,43.1167,6.1167,95.65,55,0,8.05
560,Chiang Mai,TH,2022-07-20 18:07:04,18.75,99.0,80.35,95,20,2.3
561,Sistranda,NO,2022-07-20 18:07:05,63.7256,8.834,62.56,97,100,3.29
562,Abaza,RU,2022-07-20 18:03:26,52.655,90.0928,55.63,71,64,4.34
563,Waipawa,NZ,2022-07-20 18:07:06,-41.4122,175.5153,43.68,91,100,13.47
564,Barcelos,PT,2022-07-20 18:07:07,41.5388,-8.6151,88.92,50,0,8.23
565,Olinda,BR,2022-07-20 18:07:07,-8.0089,-34.8553,80.33,69,75,14.97
566,Houma,US,2022-07-20 18:07:08,29.5958,-90.7195,93.99,66,40,8.05
567,Mancora,PE,2022-07-20 18:07:08,-4.1078,-81.0475,74.93,63,33,11.56
568,Yinchuan,CN,2022-07-20 18:06:34,38.4681,106.2731,76.55,36,33,3.67
569,Garissa,KE,2022-07-20 18:07:09,-0.4536,39.6401,75.61,54,81,19.66
570,Shestakovo,RU,2022-07-20 18:07:09,56.4915,103.96,55.53,84,65,3.06
571,Pangkalanbuun,ID,2022-07-20 18:07:10,-2.6833,111.6167,73.89,98,14,2.26
572,Le Vauclin,MQ,2022-07-20 18:07:10,14.5452,-60.8388,84.25,79,20,11.5
